{"errors":[],"warnings":[],"namedChunkGroups":{"app":{"chunks":[10,4],"assets":["webpack-runtime-a0e6296d719fec261e53.js","webpack-runtime-a0e6296d719fec261e53.js.map","app-f85ee83f439e1a01f0ee.js","app-f85ee83f439e1a01f0ee.js.map"],"children":{},"childAssets":{}},"component---src-templates-blog-post-js":{"chunks":[1,0,3,8],"assets":["1-aac1d1fb7340bf975466.js","1-aac1d1fb7340bf975466.js.map","0.2515244269da093230de.css","0-c2d2f6f8936b26e2db41.js","0-c2d2f6f8936b26e2db41.js.map","3.140c4c5338cd5463ef15.css","3-d5e3d7820d8314a327e7.js","3-d5e3d7820d8314a327e7.js.map","component---src-templates-blog-post-js-9d6c80eeaef82d465d0f.js","component---src-templates-blog-post-js-9d6c80eeaef82d465d0f.js.map"],"children":{},"childAssets":{}},"component---src-pages-404-js":{"chunks":[1,2,0,5],"assets":["1-aac1d1fb7340bf975466.js","1-aac1d1fb7340bf975466.js.map","2-fbc4393511bd7dbfd455.js","2-fbc4393511bd7dbfd455.js.map","0.2515244269da093230de.css","0-c2d2f6f8936b26e2db41.js","0-c2d2f6f8936b26e2db41.js.map","component---src-pages-404-js-9d52effed9c3ef15d62a.js","component---src-pages-404-js-9d52effed9c3ef15d62a.js.map"],"children":{},"childAssets":{}},"component---src-pages-blog-js":{"chunks":[1,2,0,3,6],"assets":["1-aac1d1fb7340bf975466.js","1-aac1d1fb7340bf975466.js.map","2-fbc4393511bd7dbfd455.js","2-fbc4393511bd7dbfd455.js.map","0.2515244269da093230de.css","0-c2d2f6f8936b26e2db41.js","0-c2d2f6f8936b26e2db41.js.map","3.140c4c5338cd5463ef15.css","3-d5e3d7820d8314a327e7.js","3-d5e3d7820d8314a327e7.js.map","component---src-pages-blog-js-7eeb6e16889ba5a36a15.js","component---src-pages-blog-js-7eeb6e16889ba5a36a15.js.map"],"children":{},"childAssets":{}},"component---src-pages-index-js":{"chunks":[1,2,0,7],"assets":["1-aac1d1fb7340bf975466.js","1-aac1d1fb7340bf975466.js.map","2-fbc4393511bd7dbfd455.js","2-fbc4393511bd7dbfd455.js.map","0.2515244269da093230de.css","0-c2d2f6f8936b26e2db41.js","0-c2d2f6f8936b26e2db41.js.map","component---src-pages-index-js.383e13dee60a1ddba055.css","component---src-pages-index-js-215b0d21f84d943a885a.js","component---src-pages-index-js-215b0d21f84d943a885a.js.map"],"children":{},"childAssets":{}},"pages-manifest":{"chunks":[9],"assets":["pages-manifest-977bbca2004fecc32cdc.js","pages-manifest-977bbca2004fecc32cdc.js.map"],"children":{},"childAssets":{}}},"assetsByChunkName":{"app":["webpack-runtime-a0e6296d719fec261e53.js","app-f85ee83f439e1a01f0ee.js"],"component---src-templates-blog-post-js":["1-aac1d1fb7340bf975466.js","0.2515244269da093230de.css","0-c2d2f6f8936b26e2db41.js","3.140c4c5338cd5463ef15.css","3-d5e3d7820d8314a327e7.js","component---src-templates-blog-post-js-9d6c80eeaef82d465d0f.js"],"component---src-pages-404-js":["1-aac1d1fb7340bf975466.js","2-fbc4393511bd7dbfd455.js","0.2515244269da093230de.css","0-c2d2f6f8936b26e2db41.js","component---src-pages-404-js-9d52effed9c3ef15d62a.js"],"component---src-pages-blog-js":["1-aac1d1fb7340bf975466.js","2-fbc4393511bd7dbfd455.js","0.2515244269da093230de.css","0-c2d2f6f8936b26e2db41.js","3.140c4c5338cd5463ef15.css","3-d5e3d7820d8314a327e7.js","component---src-pages-blog-js-7eeb6e16889ba5a36a15.js"],"component---src-pages-index-js":["1-aac1d1fb7340bf975466.js","2-fbc4393511bd7dbfd455.js","0.2515244269da093230de.css","0-c2d2f6f8936b26e2db41.js","component---src-pages-index-js.383e13dee60a1ddba055.css","component---src-pages-index-js-215b0d21f84d943a885a.js"],"pages-manifest":["pages-manifest-977bbca2004fecc32cdc.js"]}}